customer_key,customer_id,name,city,phone_masked,email_masked,valid_from,valid_to,is_current,version
1,CUST00000,George Rai,Chennai,XXXXX-8495,p***@example.net,2026-07-23 18:22:08.465527,,True,1
2,CUST00001,Ekaraj Bath,Jaipur,XXXXX-5341,b***@example.org,2026-07-23 18:22:08.465527,,True,1
3,CUST00002,Yash Gade,Kolkata,XXXXX-5641,r***@example.net,2026-07-23 18:22:08.465527,,True,1
4,CUST00003,Simon Tata,Surat,XXXXX-9653,j***@example.com,2026-07-23 18:22:08.465527,,True,1
5,CUST00004,Gavin Batta,Surat,XXXXX-8480,d***@example.net,2026-07-23 18:22:08.465527,,True,1
6,CUST00005,Harini Choudhury,Pune,XXXXX-8932,r***@example.org,2026-07-23 18:22:08.465527,,True,1
7,CUST00006,Aadi Naik,Bangalore,XXXXX-7182,h***@example.com,2026-07-23 18:22:08.465527,,True,1
8,CUST00007,Noah Lanka,Ahmedabad,XXXXX-7133,i***@example.net,2026-07-23 18:22:08.465527,,True,1
9,CUST00008,Ansh Karpe,Mumbai,XXXXX-8347,a***@example.net,2026-07-23 18:22:08.465527,,True,1
10,CUST00009,Urvashi Kibe,Bangalore,XXXXX-1065,m***@example.org,2026-07-23 18:22:08.465527,,True,1
11,CUST00010,Rehaan Gupta,Bangalore,XXXXX-0801,b***@example.org,2026-07-23 18:22:08.465527,,True,1
12,CUST00011,Niharika Sunder,Hyderabad,XXXXX-6872,z***@example.org,2026-07-23 18:22:08.465527,,True,1
13,CUST00012,Teerth Bhardwaj,Delhi,XXXXX-1219,m***@example.org,2026-07-23 18:22:08.465527,,True,1
14,CUST00013,Netra Dar,Hyderabad,XXXXX-5346,b***@example.com,2026-07-23 18:22:08.465527,,True,1
15,CUST00014,Tanvi Mutti,Ahmedabad,XXXXX-2513,a***@example.net,2026-07-23 18:22:08.465527,,True,1
16,CUST00015,Nakul Sarma,Kolkata,XXXXX-4493,a***@example.net,2026-07-23 18:22:08.465527,,True,1
17,CUST00016,Aishani Tiwari,Mumbai,XXXXX-4278,d***@example.org,2026-07-23 18:22:08.465527,,True,1
18,CUST00017,Isaac Borra,Delhi,XXXXX-0533,b***@example.net,2026-07-23 18:22:08.465527,,True,1
19,CUST00018,Niharika Dubey,Jaipur,XXXXX-1607,n***@example.com,2026-07-23 18:22:08.465527,,True,1
20,CUST00019,Triveni Palla,Kolkata,XXXXX-8685,v***@example.net,2026-07-23 18:22:08.465527,,True,1
21,CUST00020,Advika Gokhale,Pune,XXXXX-9340,b***@example.com,2026-07-23 18:22:08.465527,,True,1
22,CUST00021,Zinal Yohannan,Kolkata,XXXXX-4656,j***@example.org,2026-07-23 18:22:08.465527,,True,1
23,CUST00022,Rehaan Salvi,Bangalore,XXXXX-6995,n***@example.net,2026-07-23 18:22:08.465527,,True,1
24,CUST00023,Riya Kala,Mumbai,XXXXX-3320,q***@example.org,2026-07-23 18:22:08.465527,,True,1
25,CUST00024,Vaishnavi Bora,Kolkata,XXXXX-1632,o***@example.net,2026-07-23 18:22:08.465527,,True,1
26,CUST00025,Chandresh Krish,Bangalore,XXXXX-8687,s***@example.com,2026-07-23 18:22:08.465527,,True,1
27,CUST00026,Shivani Lad,Delhi,XXXXX-4558,a***@example.com,2026-07-23 18:22:08.465527,,True,1
28,CUST00027,Matthew Kashyap,Kolkata,XXXXX-0366,t***@example.org,2026-07-23 18:22:08.465527,,True,1
29,CUST00028,Lajita Sood,Jaipur,XXXXX-4670,p***@example.com,2026-07-23 18:22:08.465527,,True,1
30,CUST00029,Nidhi Gandhi,Chennai,XXXXX-2720,n***@example.net,2026-07-23 18:22:08.465527,,True,1
31,CUST00030,Falak Kakar,Pune,XXXXX-0531,v***@example.com,2026-07-23 18:22:08.465527,,True,1
32,CUST00031,Yug Iyengar,Bangalore,XXXXX-2991,d***@example.org,2026-07-23 18:22:08.465527,,True,1
33,CUST00032,Hritik Bal,Jaipur,XXXXX-0586,k***@example.org,2026-07-23 18:22:08.465527,,True,1
34,CUST00033,Yashawini Om,Surat,XXXXX-4987,s***@example.org,2026-07-23 18:22:08.465527,,True,1
35,CUST00034,Amrita Naidu,Ahmedabad,XXXXX-7527,g***@example.com,2026-07-23 18:22:08.465527,,True,1
36,CUST00035,Aarna Oak,Delhi,XXXXX-7770,a***@example.net,2026-07-23 18:22:08.465527,,True,1
37,CUST00036,Timothy Ravel,Kolkata,XXXXX-7444,d***@example.com,2026-07-23 18:22:08.465527,,True,1
38,CUST00037,Reyansh Mutti,Mumbai,XXXXX-1343,w***@example.org,2026-07-23 18:22:08.465527,,True,1
39,CUST00038,Chasmum Atwal,Surat,XXXXX-4777,a***@example.org,2026-07-23 18:22:08.465527,,True,1
40,CUST00039,Charan Krishnan,Delhi,XXXXX-4131,e***@example.com,2026-07-23 18:22:08.465527,,True,1
41,CUST00040,Upkaar Virk,Ahmedabad,XXXXX-1334,c***@example.com,2026-07-23 18:22:08.465527,,True,1
42,CUST00041,Wriddhish Ghose,Delhi,XXXXX-4713,d***@example.com,2026-07-23 18:22:08.465527,,True,1
43,CUST00042,Pavani Contractor,Jaipur,XXXXX-7174,m***@example.org,2026-07-23 18:22:08.465527,,True,1
44,CUST00043,Xiti Zacharia,Bangalore,XXXXX-3990,f***@example.net,2026-07-23 18:22:08.465527,,True,1
45,CUST00044,Parth Singhal,Ahmedabad,XXXXX-5125,l***@example.net,2026-07-23 18:22:08.465527,,True,1
46,CUST00045,Bhavya Rattan,Bangalore,XXXXX-7603,s***@example.com,2026-07-23 18:22:08.465527,,True,1
47,CUST00046,Wishi Sathe,Jaipur,XXXXX-3248,j***@example.net,2026-07-23 18:22:08.465527,,True,1
48,CUST00047,Girik Kar,Hyderabad,XXXXX-7378,s***@example.net,2026-07-23 18:22:08.465527,,True,1
49,CUST00048,Rayaan Trivedi,Jaipur,XXXXX-9727,e***@example.com,2026-07-23 18:22:08.465527,,True,1
50,CUST00049,Hemani Natarajan,Chennai,XXXXX-5766,u***@example.org,2026-07-23 18:22:08.465527,,True,1
51,CUST00050,Balhaar Date,Kolkata,XXXXX-4596,h***@example.net,2026-07-23 18:22:08.465527,,True,1
52,CUST00051,Lajita Nadig,Pune,XXXXX-7240,n***@example.org,2026-07-23 18:22:08.465527,,True,1
53,CUST00052,Daksh Memon,Jaipur,XXXXX-9693,k***@example.org,2026-07-23 18:22:08.465527,,True,1
54,CUST00053,Vincent Shenoy,Delhi,XXXXX-4647,t***@example.com,2026-07-23 18:22:08.465527,,True,1
55,CUST00054,Leena Subramanian,Chennai,XXXXX-0909,k***@example.net,2026-07-23 18:22:08.465527,,True,1
56,CUST00055,Victor Pandey,Pune,XXXXX-9521,r***@example.net,2026-07-23 18:22:08.465527,,True,1
57,CUST00056,Ojasvi Gill,Surat,XXXXX-5171,k***@example.com,2026-07-23 18:22:08.465527,,True,1
58,CUST00057,Mekhala Pau,Chennai,XXXXX-5137,r***@example.com,2026-07-23 18:22:08.465527,,True,1
59,CUST00058,Timothy Bhatnagar,Chennai,XXXXX-1382,p***@example.com,2026-07-23 18:22:08.465527,,True,1
60,CUST00059,Kamala Zachariah,Delhi,XXXXX-3773,a***@example.net,2026-07-23 18:22:08.465527,,True,1
61,CUST00060,Jhalak Parmer,Mumbai,XXXXX-5329,r***@example.org,2026-07-23 18:22:08.465527,,True,1
62,CUST00061,Sarthak Kalita,Delhi,XXXXX-1020,f***@example.net,2026-07-23 18:22:08.465527,,True,1
63,CUST00062,Ekiya Babu,Pune,XXXXX-5891,a***@example.org,2026-07-23 18:22:08.465527,,True,1
64,CUST00063,Caleb Verma,Jaipur,XXXXX-5921,t***@example.com,2026-07-23 18:22:08.465527,,True,1
65,CUST00064,Ekta Raj,Kolkata,XXXXX-6576,s***@example.com,2026-07-23 18:22:08.465527,,True,1
66,CUST00065,Dhriti Sane,Ahmedabad,XXXXX-5280,a***@example.net,2026-07-23 18:22:08.465527,,True,1
67,CUST00066,Jason Roy,Jaipur,XXXXX-7315,p***@example.net,2026-07-23 18:22:08.465527,,True,1
68,CUST00067,Ishwar Mallick,Surat,XXXXX-5022,p***@example.net,2026-07-23 18:22:08.465527,,True,1
69,CUST00068,Ekaraj Dhar,Ahmedabad,XXXXX-9910,c***@example.com,2026-07-23 18:22:08.465527,,True,1
70,CUST00069,Chandran Bumb,Ahmedabad,XXXXX-6149,s***@example.net,2026-07-23 18:22:08.465527,,True,1
71,CUST00070,Chakradev Kannan,Hyderabad,XXXXX-0762,a***@example.org,2026-07-23 18:22:08.465527,,True,1
72,CUST00071,Victor Tella,Delhi,XXXXX-6641,e***@example.com,2026-07-23 18:22:08.465527,,True,1
73,CUST00072,Ekta Garg,Hyderabad,XXXXX-6453,f***@example.com,2026-07-23 18:22:08.465527,,True,1
74,CUST00073,Faraj Uppal,Hyderabad,XXXXX-3292,w***@example.org,2026-07-23 18:22:08.465527,,True,1
75,CUST00074,Wakeeta Shetty,Ahmedabad,XXXXX-9058,o***@example.com,2026-07-23 18:22:08.465527,,True,1
76,CUST00075,Triya Seth,Mumbai,XXXXX-9807,b***@example.com,2026-07-23 18:22:08.465527,,True,1
77,CUST00076,Ekanta Soni,Delhi,XXXXX-7889,d***@example.org,2026-07-23 18:22:08.465527,,True,1
78,CUST00077,Kashish Mandal,Hyderabad,XXXXX-8644,x***@example.com,2026-07-23 18:22:08.465527,,True,1
79,CUST00078,Gauri Bumb,Pune,XXXXX-6528,i***@example.net,2026-07-23 18:22:08.465527,,True,1
80,CUST00079,Yashoda Pathak,Delhi,XXXXX-1418,p***@example.org,2026-07-23 18:22:08.465527,,True,1
81,CUST00080,Gayathri Deep,Chennai,XXXXX-3794,k***@example.org,2026-07-23 18:22:08.465527,,True,1
82,CUST00081,William More,Jaipur,XXXXX-6239,x***@example.net,2026-07-23 18:22:08.465527,,True,1
83,CUST00082,Charles Srivastava,Bangalore,XXXXX-1375,h***@example.com,2026-07-23 18:22:08.465527,,True,1
84,CUST00083,Chatresh Randhawa,Bangalore,XXXXX-0472,w***@example.com,2026-07-23 18:22:08.465527,,True,1
85,CUST00084,Abdul Buch,Ahmedabad,XXXXX-4103,k***@example.org,2026-07-23 18:22:08.465527,,True,1
86,CUST00085,Dev Choudhry,Delhi,XXXXX-9539,b***@example.net,2026-07-23 18:22:08.465527,,True,1
87,CUST00086,Frederick Viswanathan,Jaipur,XXXXX-5405,e***@example.net,2026-07-23 18:22:08.465527,,True,1
88,CUST00087,Wridesh Chawla,Mumbai,XXXXX-7043,k***@example.net,2026-07-23 18:22:08.465527,,True,1
89,CUST00088,Benjamin Mutti,Jaipur,XXXXX-4156,y***@example.com,2026-07-23 18:22:08.465527,,True,1
90,CUST00089,Libni Nori,Delhi,XXXXX-2845,w***@example.com,2026-07-23 18:22:08.465527,,True,1
91,CUST00090,Falak Merchant,Chennai,XXXXX-6401,s***@example.org,2026-07-23 18:22:08.465527,,True,1
92,CUST00091,Yochana Dutta,Hyderabad,XXXXX-0927,d***@example.org,2026-07-23 18:22:08.465527,,True,1
93,CUST00092,Sachi Bose,Ahmedabad,XXXXX-8681,j***@example.com,2026-07-23 18:22:08.465527,,True,1
94,CUST00093,Sanaya Kala,Hyderabad,XXXXX-1884,v***@example.org,2026-07-23 18:22:08.465527,,True,1
95,CUST00094,Owen Pathak,Bangalore,XXXXX-7829,j***@example.org,2026-07-23 18:22:08.465527,,True,1
96,CUST00095,Dayamai Rao,Mumbai,XXXXX-8528,a***@example.com,2026-07-23 18:22:08.465527,,True,1
97,CUST00096,Kai Sant,Kolkata,XXXXX-4143,d***@example.org,2026-07-23 18:22:08.465527,,True,1
98,CUST00097,Jeremiah Mitter,Ahmedabad,XXXXX-0010,t***@example.net,2026-07-23 18:22:08.465527,,True,1
99,CUST00098,Shivansh Saha,Hyderabad,XXXXX-0276,t***@example.net,2026-07-23 18:22:08.465527,,True,1
100,CUST00099,Samar Oak,Jaipur,XXXXX-5371,d***@example.net,2026-07-23 18:22:08.465527,,True,1
101,CUST00100,Yug Dhaliwal,Ahmedabad,XXXXX-3278,b***@example.com,2026-07-23 18:22:08.465527,,True,1
102,CUST00101,Darika Tank,Chennai,XXXXX-4797,c***@example.net,2026-07-23 18:22:08.465527,,True,1
103,CUST00102,Hritik Sankar,Chennai,XXXXX-5841,a***@example.com,2026-07-23 18:22:08.465527,,True,1
104,CUST00103,Ati Dani,Surat,XXXXX-6800,g***@example.com,2026-07-23 18:22:08.465527,,True,1
105,CUST00104,Gauri Som,Jaipur,XXXXX-4958,m***@example.net,2026-07-23 18:22:08.465527,,True,1
106,CUST00105,Chandani Soman,Pune,XXXXX-4993,p***@example.net,2026-07-23 18:22:08.465527,,True,1
107,CUST00106,Onkar Viswanathan,Mumbai,XXXXX-6263,r***@example.org,2026-07-23 18:22:08.465527,,True,1
108,CUST00107,David Devi,Ahmedabad,XXXXX-5497,e***@example.net,2026-07-23 18:22:08.465527,,True,1
109,CUST00108,Arya Misra,Jaipur,XXXXX-4198,c***@example.net,2026-07-23 18:22:08.465527,,True,1
110,CUST00109,Hemani Dhingra,Mumbai,XXXXX-8421,b***@example.com,2026-07-23 18:22:08.465527,,True,1
111,CUST00110,Xavier Bedi,Delhi,XXXXX-2677,v***@example.org,2026-07-23 18:22:08.465527,,True,1
112,CUST00111,Ekani Mangal,Delhi,XXXXX-7240,c***@example.net,2026-07-23 18:22:08.465527,,True,1
113,CUST00112,Hredhaan Nayak,Delhi,XXXXX-2742,s***@example.com,2026-07-23 18:22:08.465527,,True,1
114,CUST00113,Chakrika Hans,Chennai,XXXXX-5304,n***@example.net,2026-07-23 18:22:08.465527,,True,1
115,CUST00114,Sanya Loke,Delhi,XXXXX-2684,c***@example.org,2026-07-23 18:22:08.465527,,True,1
116,CUST00115,Jhalak Kant,Chennai,XXXXX-3391,k***@example.org,2026-07-23 18:22:08.465527,,True,1
117,CUST00116,Janaki Brahmbhatt,Surat,XXXXX-1397,b***@example.org,2026-07-23 18:22:08.465527,,True,1
118,CUST00117,Christopher Setty,Surat,XXXXX-4039,y***@example.com,2026-07-23 18:22:08.465527,,True,1
119,CUST00118,Pallavi Padmanabhan,Hyderabad,XXXXX-6766,b***@example.com,2026-07-23 18:22:08.465527,,True,1
120,CUST00119,Ijaya Dani,Surat,XXXXX-6863,m***@example.org,2026-07-23 18:22:08.465527,,True,1
121,CUST00120,Hiral Dubey,Jaipur,XXXXX-9079,r***@example.net,2026-07-23 18:22:08.465527,,True,1
122,CUST00121,Chaitanya Ratti,Kolkata,XXXXX-9953,i***@example.org,2026-07-23 18:22:08.465527,,True,1
123,CUST00122,Timothy Sachdev,Pune,XXXXX-6856,a***@example.net,2026-07-23 18:22:08.465527,,True,1
124,CUST00123,Charita Puri,Kolkata,XXXXX-8826,u***@example.org,2026-07-23 18:22:08.465527,,True,1
125,CUST00124,Samar Narayanan,Bangalore,XXXXX-0139,s***@example.org,2026-07-23 18:22:08.465527,,True,1
126,CUST00125,Varenya Joshi,Kolkata,XXXXX-3854,c***@example.org,2026-07-23 18:22:08.465527,,True,1
127,CUST00126,Jagrati Morar,Pune,XXXXX-0932,j***@example.com,2026-07-23 18:22:08.465527,,True,1
128,CUST00127,Omisha Merchant,Delhi,XXXXX-7772,r***@example.org,2026-07-23 18:22:08.465527,,True,1
129,CUST00128,Logan Suresh,Ahmedabad,XXXXX-2038,d***@example.org,2026-07-23 18:22:08.465527,,True,1
130,CUST00129,Darpan Subramanian,Surat,XXXXX-4086,a***@example.net,2026-07-23 18:22:08.465527,,True,1
131,CUST00130,Gopal Viswanathan,Delhi,XXXXX-6793,w***@example.net,2026-07-23 18:22:08.465527,,True,1
132,CUST00131,Faris Balay,Chennai,XXXXX-6591,r***@example.com,2026-07-23 18:22:08.465527,,True,1
133,CUST00132,Victor Kakar,Kolkata,XXXXX-0392,c***@example.org,2026-07-23 18:22:08.465527,,True,1
134,CUST00133,Chandani Gaba,Pune,XXXXX-6315,l***@example.com,2026-07-23 18:22:08.465527,,True,1
135,CUST00134,Eta Balan,Chennai,XXXXX-9431,s***@example.com,2026-07-23 18:22:08.465527,,True,1
136,CUST00135,Mitesh Rai,Kolkata,XXXXX-1212,l***@example.com,2026-07-23 18:22:08.465527,,True,1
137,CUST00136,Yauvani Reddy,Ahmedabad,XXXXX-4661,b***@example.com,2026-07-23 18:22:08.465527,,True,1
138,CUST00137,Omkaar Rai,Kolkata,XXXXX-6471,l***@example.com,2026-07-23 18:22:08.465527,,True,1
139,CUST00138,Yatin Tandon,Jaipur,XXXXX-7569,t***@example.org,2026-07-23 18:22:08.465527,,True,1
140,CUST00139,Ekani Iyer,Jaipur,XXXXX-4651,l***@example.com,2026-07-23 18:22:08.465527,,True,1
141,CUST00140,Pranit Bala,Delhi,XXXXX-4266,c***@example.com,2026-07-23 18:22:08.465527,,True,1
142,CUST00141,Varenya Rattan,Kolkata,XXXXX-2909,y***@example.com,2026-07-23 18:22:08.465527,,True,1
143,CUST00142,Qushi Cherian,Delhi,XXXXX-5679,c***@example.org,2026-07-23 18:22:08.465527,,True,1
144,CUST00143,Hemani Bakshi,Jaipur,XXXXX-3875,s***@example.com,2026-07-23 18:22:08.465527,,True,1
145,CUST00144,Raksha Sethi,Kolkata,XXXXX-2825,e***@example.net,2026-07-23 18:22:08.465527,,True,1
146,CUST00145,Turvi Kata,Surat,XXXXX-9660,l***@example.net,2026-07-23 18:22:08.465527,,True,1
147,CUST00146,Arya Bhatnagar,Pune,XXXXX-5969,y***@example.com,2026-07-23 18:22:08.465527,,True,1
148,CUST00147,Ijaya Pandey,Kolkata,XXXXX-3412,r***@example.net,2026-07-23 18:22:08.465527,,True,1
149,CUST00148,Yasti Rama,Ahmedabad,XXXXX-7422,k***@example.com,2026-07-23 18:22:08.465527,,True,1
150,CUST00149,Chatresh Parmer,Mumbai,XXXXX-7721,s***@example.org,2026-07-23 18:22:08.465527,,True,1
151,CUST00150,Thomas Master,Hyderabad,XXXXX-1914,m***@example.net,2026-07-23 18:22:08.465527,,True,1
152,CUST00151,Benjamin Sastry,Mumbai,XXXXX-1713,p***@example.net,2026-07-23 18:22:08.465527,,True,1
153,CUST00152,Priya Gandhi,Pune,XXXXX-5449,s***@example.org,2026-07-23 18:22:08.465527,,True,1
154,CUST00153,Krishna Sabharwal,Bangalore,XXXXX-2946,m***@example.net,2026-07-23 18:22:08.465527,,True,1
155,CUST00154,Faqid Chander,Kolkata,XXXXX-1751,v***@example.com,2026-07-23 18:22:08.465527,,True,1
156,CUST00155,Tejas Sanghvi,Ahmedabad,XXXXX-5001,w***@example.com,2026-07-23 18:22:08.465527,,True,1
157,CUST00156,Jeet Dugar,Hyderabad,XXXXX-4152,a***@example.com,2026-07-23 18:22:08.465527,,True,1
158,CUST00157,Dalaja Kaur,Mumbai,XXXXX-8700,t***@example.org,2026-07-23 18:22:08.465527,,True,1
159,CUST00158,Pahal Deo,Delhi,XXXXX-6221,o***@example.com,2026-07-23 18:22:08.465527,,True,1
160,CUST00159,Nitesh Sarraf,Bangalore,XXXXX-9656,t***@example.net,2026-07-23 18:22:08.465527,,True,1
161,CUST00160,Yug Malhotra,Mumbai,XXXXX-6403,k***@example.net,2026-07-23 18:22:08.465527,,True,1
162,CUST00161,Isaiah Khosla,Surat,XXXXX-8271,h***@example.org,2026-07-23 18:22:08.465527,,True,1
163,CUST00162,Akshay Lala,Bangalore,XXXXX-8892,b***@example.com,2026-07-23 18:22:08.465527,,True,1
164,CUST00163,Dayita Brar,Bangalore,XXXXX-3161,n***@example.com,2026-07-23 18:22:08.465527,,True,1
165,CUST00164,Dayamai Gill,Kolkata,XXXXX-2524,a***@example.net,2026-07-23 18:22:08.465527,,True,1
166,CUST00165,Gautami Sanghvi,Mumbai,XXXXX-9252,d***@example.net,2026-07-23 18:22:08.465527,,True,1
167,CUST00166,Jack Kari,Chennai,XXXXX-8635,b***@example.org,2026-07-23 18:22:08.465527,,True,1
168,CUST00167,Ekaja Madan,Chennai,XXXXX-1744,p***@example.net,2026-07-23 18:22:08.465527,,True,1
169,CUST00168,Tanmayi Anand,Delhi,XXXXX-3832,s***@example.com,2026-07-23 18:22:08.465527,,True,1
170,CUST00169,Arjun Kaul,Jaipur,XXXXX-7024,a***@example.net,2026-07-23 18:22:08.465527,,True,1
171,CUST00170,Vincent Venkatesh,Surat,XXXXX-9906,d***@example.net,2026-07-23 18:22:08.465527,,True,1
172,CUST00171,Bishakha Lal,Bangalore,XXXXX-2127,m***@example.com,2026-07-23 18:22:08.465527,,True,1
173,CUST00172,Niharika Dara,Bangalore,XXXXX-3521,s***@example.com,2026-07-23 18:22:08.465527,,True,1
174,CUST00173,Meghana Varghese,Bangalore,XXXXX-7121,m***@example.org,2026-07-23 18:22:08.465527,,True,1
175,CUST00174,Tristan De,Mumbai,XXXXX-1372,n***@example.net,2026-07-23 18:22:08.465527,,True,1
176,CUST00175,Jason Basak,Pune,XXXXX-5324,k***@example.net,2026-07-23 18:22:08.465527,,True,1
177,CUST00176,Manthan Banerjee,Hyderabad,XXXXX-6383,c***@example.com,2026-07-23 18:22:08.465527,,True,1
178,CUST00177,Lavanya Parmer,Chennai,XXXXX-9304,w***@example.net,2026-07-23 18:22:08.465527,,True,1
179,CUST00178,Ishita Kaul,Bangalore,XXXXX-5223,h***@example.net,2026-07-23 18:22:08.465527,,True,1
180,CUST00179,Jagrati Bala,Delhi,XXXXX-3930,l***@example.com,2026-07-23 18:22:08.465527,,True,1
181,CUST00180,Aadi Narula,Mumbai,XXXXX-1851,k***@example.net,2026-07-23 18:22:08.465527,,True,1
182,CUST00181,Harrison Nayar,Chennai,XXXXX-3926,e***@example.net,2026-07-23 18:22:08.465527,,True,1
183,CUST00182,Joshua Goel,Ahmedabad,XXXXX-2513,r***@example.org,2026-07-23 18:22:08.465527,,True,1
184,CUST00183,Oliver Chakrabarti,Kolkata,XXXXX-6762,s***@example.org,2026-07-23 18:22:08.465527,,True,1
185,CUST00184,Kritika Panchal,Chennai,XXXXX-0541,e***@example.net,2026-07-23 18:22:08.465527,,True,1
186,CUST00185,Onkar Prashad,Mumbai,XXXXX-6201,f***@example.com,2026-07-23 18:22:08.465527,,True,1
187,CUST00186,Ranveer Rout,Chennai,XXXXX-5061,b***@example.org,2026-07-23 18:22:08.465527,,True,1
188,CUST00187,Ryan Chatterjee,Pune,XXXXX-7418,j***@example.net,2026-07-23 18:22:08.465527,,True,1
189,CUST00188,Kamala Raj,Delhi,XXXXX-2115,r***@example.com,2026-07-23 18:22:08.465527,,True,1
190,CUST00189,Utkarsh Bhat,Kolkata,XXXXX-6089,a***@example.net,2026-07-23 18:22:08.465527,,True,1
191,CUST00190,Jai Sen,Jaipur,XXXXX-9451,o***@example.org,2026-07-23 18:22:08.465527,,True,1
192,CUST00191,Mekhala Nanda,Jaipur,XXXXX-2999,z***@example.net,2026-07-23 18:22:08.465527,,True,1
193,CUST00192,Harrison Mangal,Mumbai,XXXXX-6299,n***@example.net,2026-07-23 18:22:08.465527,,True,1
194,CUST00193,Meghana Narula,Kolkata,XXXXX-1324,c***@example.com,2026-07-23 18:22:08.465527,,True,1
195,CUST00194,Amruta Saha,Surat,XXXXX-1486,g***@example.org,2026-07-23 18:22:08.465527,,True,1
196,CUST00195,Oscar Hans,Mumbai,XXXXX-8610,d***@example.org,2026-07-23 18:22:08.465527,,True,1
197,CUST00196,Vrinda Sehgal,Surat,XXXXX-2933,u***@example.com,2026-07-23 18:22:08.465527,,True,1
198,CUST00197,Amruta Rout,Pune,XXXXX-4466,a***@example.org,2026-07-23 18:22:08.465527,,True,1
199,CUST00198,Zayyan Kamdar,Pune,XXXXX-8994,r***@example.net,2026-07-23 18:22:08.465527,,True,1
200,CUST00199,Vasatika Bhatt,Surat,XXXXX-9652,a***@example.com,2026-07-23 18:22:08.465527,,True,1
