shipment_id,date_key,product_key,store_key,delivery_time,on_time_flag
SHP10173,20240102,282,3,1.0,True
SHP18715,20240102,310,31,9.0,False
SHP19284,20240102,490,42,3.0,True
SHP30893,20240102,238,33,2.0,True
SHP36278,20240102,95,14,6.0,False
SHP38130,20240102,5,23,10.0,False
SHP40250,20240102,133,23,1.0,True
SHP43316,20240102,106,47,2.0,True
SHP45490,20240102,387,27,3.0,True
SHP48642,20240102,335,47,10.0,False
SHP49405,20240102,208,36,9.0,False
SHP54235,20240102,388,9,9.0,False
SHP56329,20240102,52,5,2.0,True
SHP56978,20240102,25,26,3.0,True
SHP57319,20240102,183,50,6.0,False
SHP61694,20240102,441,1,4.0,True
SHP70730,20240102,16,12,6.0,False
SHP72029,20240102,97,12,8.0,False
SHP73285,20240102,481,31,6.0,False
SHP77782,20240102,38,19,9.0,False
SHP82079,20240102,399,11,3.0,True
SHP86273,20240102,269,26,3.0,True
SHP88510,20240102,128,30,6.0,False
SHP89625,20240102,8,15,7.0,False
SHP89758,20240102,95,50,5.0,True
SHP91459,20240102,285,6,1.0,True
SHP14598,20240103,184,36,2.0,True
SHP25094,20240103,271,1,7.0,False
SHP33810,20240103,313,18,4.0,True
SHP44422,20240103,55,45,5.0,True
SHP56605,20240103,61,28,10.0,False
SHP57390,20240103,36,12,7.0,False
SHP58417,20240103,313,19,2.0,True
SHP64417,20240103,397,45,4.0,True
SHP67535,20240103,33,4,7.0,False
SHP70940,20240103,310,20,4.0,True
SHP77248,20240103,255,46,9.0,False
SHP77267,20240103,278,41,10.0,False
SHP82599,20240103,421,40,1.0,True
SHP91170,20240103,364,31,9.0,False
SHP91408,20240103,113,23,9.0,False
SHP93085,20240103,232,2,9.0,False
SHP94220,20240103,480,7,7.0,False
SHP96220,20240103,230,20,2.0,True
SHP96402,20240103,469,22,7.0,False
SHP15304,20240104,6,50,8.0,False
SHP17249,20240104,280,36,3.0,True
SHP17672,20240104,2,3,10.0,False
SHP25946,20240104,124,28,10.0,False
SHP29421,20240104,342,40,3.0,True
SHP42653,20240104,400,9,3.0,True
SHP46304,20240104,201,31,10.0,False
SHP48947,20240104,112,15,4.0,True
SHP50208,20240104,5,35,8.0,False
SHP60358,20240104,271,40,1.0,True
SHP60667,20240104,83,22,3.0,True
SHP71638,20240104,242,23,5.0,True
SHP74285,20240104,224,47,3.0,True
SHP75922,20240104,187,40,5.0,True
SHP76517,20240104,372,40,6.0,False
SHP76596,20240104,131,9,4.0,True
SHP76758,20240104,337,48,8.0,False
SHP79837,20240104,265,22,6.0,False
SHP82492,20240104,62,7,7.0,False
SHP92746,20240104,412,43,4.0,True
SHP95260,20240104,61,40,6.0,False
SHP95733,20240104,246,27,5.0,True
SHP15809,20240105,358,5,2.0,True
SHP17257,20240105,249,29,8.0,False
SHP18917,20240105,38,17,7.0,False
SHP19970,20240105,307,14,9.0,False
SHP21733,20240105,462,49,2.0,True
SHP32233,20240105,320,40,3.0,True
SHP34762,20240105,365,45,7.0,False
SHP43781,20240105,3,1,7.0,False
SHP43853,20240105,498,35,2.0,True
SHP44260,20240105,83,22,7.0,False
SHP46950,20240105,84,48,7.0,False
SHP51615,20240105,242,14,5.0,True
SHP54733,20240105,228,39,4.0,True
SHP56028,20240105,216,26,5.0,True
SHP56451,20240105,461,47,6.0,False
SHP60023,20240105,413,22,3.0,True
SHP61255,20240105,342,21,3.0,True
SHP65196,20240105,365,33,1.0,True
SHP67722,20240105,258,1,6.0,False
SHP69321,20240105,4,44,6.0,False
SHP70139,20240105,150,37,5.0,True
SHP75227,20240105,6,49,4.0,True
SHP76840,20240105,179,45,7.0,False
SHP84035,20240105,25,29,8.0,False
SHP86042,20240105,157,10,10.0,False
SHP88586,20240105,309,24,1.0,True
SHP91524,20240105,369,25,8.0,False
SHP92455,20240105,78,20,5.0,True
SHP96865,20240105,258,32,3.0,True
SHP97918,20240105,328,4,5.0,True
SHP99263,20240105,71,38,3.0,True
SHP10659,20240106,91,32,8.0,False
SHP13012,20240106,416,21,9.0,False
SHP19671,20240106,23,41,1.0,True
SHP21413,20240106,203,1,10.0,False
SHP21826,20240106,496,44,5.0,True
SHP23815,20240106,304,30,10.0,False
SHP25082,20240106,306,40,4.0,True
SHP32724,20240106,183,33,8.0,False
SHP35782,20240106,34,20,9.0,False
SHP37456,20240106,236,50,7.0,False
SHP43003,20240106,161,17,9.0,False
SHP54065,20240106,20,46,9.0,False
SHP56283,20240106,233,40,1.0,True
SHP57823,20240106,368,29,9.0,False
SHP61826,20240106,490,24,4.0,True
SHP63745,20240106,74,1,3.0,True
SHP66660,20240106,40,22,5.0,True
SHP67678,20240106,205,13,9.0,False
SHP68375,20240106,283,6,1.0,True
SHP70512,20240106,355,33,9.0,False
SHP73685,20240106,206,39,5.0,True
SHP79070,20240106,84,41,7.0,False
SHP83940,20240106,75,41,10.0,False
SHP94009,20240106,27,19,7.0,False
SHP17924,20240107,478,47,2.0,True
SHP25970,20240107,279,47,1.0,True
SHP31151,20240107,305,49,3.0,True
SHP33686,20240107,298,8,8.0,False
SHP34812,20240107,12,22,8.0,False
SHP42187,20240107,249,18,4.0,True
SHP44424,20240107,91,21,5.0,True
SHP47762,20240107,349,4,10.0,False
SHP50043,20240107,327,21,9.0,False
SHP52618,20240107,395,11,10.0,False
SHP53197,20240107,493,2,7.0,False
SHP55139,20240107,85,6,2.0,True
SHP58548,20240107,132,8,10.0,False
SHP62224,20240107,298,50,3.0,True
SHP67225,20240107,178,37,1.0,True
SHP71334,20240107,232,23,6.0,False
SHP72013,20240107,410,35,10.0,False
SHP73226,20240107,304,23,1.0,True
SHP76350,20240107,41,9,1.0,True
SHP81898,20240107,230,30,7.0,False
SHP85100,20240107,271,41,3.0,True
SHP85261,20240107,213,13,9.0,False
SHP85872,20240107,116,33,10.0,False
SHP88380,20240107,72,9,2.0,True
SHP90611,20240107,434,3,6.0,False
SHP14956,20240108,260,16,8.0,False
SHP19021,20240108,238,49,9.0,False
SHP22773,20240108,351,32,4.0,True
SHP24699,20240108,264,4,5.0,True
SHP25309,20240108,186,18,7.0,False
SHP25694,20240108,469,1,1.0,True
SHP27034,20240108,46,49,7.0,False
SHP29657,20240108,115,32,9.0,False
SHP32005,20240108,430,22,7.0,False
SHP35376,20240108,162,45,3.0,True
SHP40377,20240108,33,8,8.0,False
SHP42388,20240108,372,11,2.0,True
SHP51533,20240108,481,14,1.0,True
SHP55291,20240108,350,15,8.0,False
SHP59493,20240108,226,39,10.0,False
SHP70115,20240108,2,16,1.0,True
SHP75489,20240108,13,18,10.0,False
SHP82213,20240108,459,11,7.0,False
SHP83129,20240108,427,28,5.0,True
SHP85265,20240108,176,39,4.0,True
SHP91463,20240108,218,38,10.0,False
SHP27135,20240109,192,32,4.0,True
SHP27998,20240109,293,39,1.0,True
SHP37431,20240109,292,9,6.0,False
SHP46448,20240109,188,19,7.0,False
SHP47650,20240109,156,17,7.0,False
SHP48150,20240109,103,36,4.0,True
SHP57475,20240109,465,27,4.0,True
SHP61137,20240109,287,37,7.0,False
SHP64427,20240109,40,5,10.0,False
SHP65210,20240109,121,19,6.0,False
SHP65654,20240109,222,28,8.0,False
SHP84957,20240109,265,28,3.0,True
SHP98952,20240109,467,49,7.0,False
SHP14161,20240110,482,28,6.0,False
SHP15207,20240110,334,3,6.0,False
SHP24850,20240110,356,33,1.0,True
SHP26645,20240110,447,18,9.0,False
SHP48343,20240110,182,34,10.0,False
SHP51112,20240110,193,1,8.0,False
SHP51196,20240110,134,17,7.0,False
SHP51924,20240110,172,34,3.0,True
SHP52517,20240110,98,29,4.0,True
SHP67706,20240110,322,3,7.0,False
SHP69549,20240110,167,6,3.0,True
SHP72813,20240110,17,14,4.0,True
SHP72982,20240110,2,45,9.0,False
SHP84299,20240110,339,46,3.0,True
SHP85949,20240110,324,34,10.0,False
SHP87423,20240110,302,11,3.0,True
SHP96705,20240110,262,29,7.0,False
SHP97334,20240110,15,48,5.0,True
SHP98250,20240110,11,18,6.0,False
